,country,release_year,count,country_code,lat,lon
0,Afghanistan,2016,1,AF,33.93911,67.709953
1,Albania,2018,1,AL,41.153332,20.168331
2,Algeria,1979,1,DZ,28.033886,1.659626
3,Algeria,2014,1,DZ,28.033886,1.659626
4,Algeria,2020,1,DZ,28.033886,1.659626
5,Angola,2020,1,AO,-11.202692,17.873887
6,Argentina,1985,2,AR,-38.416097,-63.616672
7,Argentina,1993,1,AR,-38.416097,-63.616672
8,Argentina,1998,1,AR,-38.416097,-63.616672
9,Argentina,2004,2,AR,-38.416097,-63.616672
10,Argentina,2006,3,AR,-38.416097,-63.616672
11,Argentina,2007,1,AR,-38.416097,-63.616672
12,Argentina,2013,1,AR,-38.416097,-63.616672
13,Argentina,2014,1,AR,-38.416097,-63.616672
14,Argentina,2015,7,AR,-38.416097,-63.616672
15,Argentina,2016,11,AR,-38.416097,-63.616672
16,Argentina,2017,14,AR,-38.416097,-63.616672
17,Argentina,2018,17,AR,-38.416097,-63.616672
18,Argentina,2019,13,AR,-38.416097,-63.616672
19,Argentina,2020,14,AR,-38.416097,-63.616672
20,Argentina,2021,3,AR,-38.416097,-63.616672
21,Armenia,2017,1,AM,40.069099,45.038189
22,Australia,1979,1,AU,-25.274398,133.775136
23,Australia,1981,1,AU,-25.274398,133.775136
24,Australia,1986,1,AU,-25.274398,133.775136
25,Australia,1990,1,AU,-25.274398,133.775136
26,Australia,1992,2,AU,-25.274398,133.775136
27,Australia,1993,1,AU,-25.274398,133.775136
28,Australia,1998,1,AU,-25.274398,133.775136
29,Australia,1999,1,AU,-25.274398,133.775136
30,Australia,2001,1,AU,-25.274398,133.775136
31,Australia,2003,3,AU,-25.274398,133.775136
32,Australia,2005,3,AU,-25.274398,133.775136
33,Australia,2006,1,AU,-25.274398,133.775136
34,Australia,2007,3,AU,-25.274398,133.775136
35,Australia,2008,2,AU,-25.274398,133.775136
36,Australia,2009,4,AU,-25.274398,133.775136
37,Australia,2010,8,AU,-25.274398,133.775136
38,Australia,2011,1,AU,-25.274398,133.775136
39,Australia,2012,3,AU,-25.274398,133.775136
40,Australia,2013,4,AU,-25.274398,133.775136
41,Australia,2014,4,AU,-25.274398,133.775136
42,Australia,2015,17,AU,-25.274398,133.775136
43,Australia,2016,18,AU,-25.274398,133.775136
44,Australia,2017,20,AU,-25.274398,133.775136
45,Australia,2018,20,AU,-25.274398,133.775136
46,Australia,2019,16,AU,-25.274398,133.775136
47,Australia,2020,13,AU,-25.274398,133.775136
48,Australia,2021,10,AU,-25.274398,133.775136
49,Austria,2014,1,AT,47.516231,14.550072
50,Austria,2016,2,AT,47.516231,14.550072
51,Austria,2017,2,AT,47.516231,14.550072
52,Austria,2018,3,AT,47.516231,14.550072
53,Austria,2019,1,AT,47.516231,14.550072
54,Austria,2020,3,AT,47.516231,14.550072
55,Azerbaijan,2013,1,AZ,40.143105,47.576927
56,Bahamas,2006,1,BS,25.03428,-77.39628
57,Bangladesh,2012,1,BD,23.684994,90.356331
58,Bangladesh,2017,1,BD,23.684994,90.356331
59,Bangladesh,2018,2,BD,23.684994,90.356331
60,Belarus,2016,1,BY,53.709807,27.953389
61,Belgium,1991,1,BE,50.503887,4.469936
62,Belgium,1999,1,BE,50.503887,4.469936
63,Belgium,2007,1,BE,50.503887,4.469936
64,Belgium,2011,3,BE,50.503887,4.469936
65,Belgium,2012,1,BE,50.503887,4.469936
66,Belgium,2013,7,BE,50.503887,4.469936
67,Belgium,2014,3,BE,50.503887,4.469936
68,Belgium,2015,7,BE,50.503887,4.469936
69,Belgium,2016,15,BE,50.503887,4.469936
70,Belgium,2017,13,BE,50.503887,4.469936
71,Belgium,2018,16,BE,50.503887,4.469936
72,Belgium,2019,13,BE,50.503887,4.469936
73,Belgium,2020,4,BE,50.503887,4.469936
74,Belgium,2021,5,BE,50.503887,4.469936
75,Bermuda,2014,1,BM,32.321384,-64.75737
76,Botswana,2016,1,BW,-22.328474,24.684866
77,Brazil,2002,1,BR,-14.235004,-51.92528
78,Brazil,2008,1,BR,-14.235004,-51.92528
79,Brazil,2012,3,BR,-14.235004,-51.92528
80,Brazil,2013,3,BR,-14.235004,-51.92528
81,Brazil,2014,3,BR,-14.235004,-51.92528
82,Brazil,2015,3,BR,-14.235004,-51.92528
83,Brazil,2016,8,BR,-14.235004,-51.92528
84,Brazil,2017,12,BR,-14.235004,-51.92528
85,Brazil,2018,15,BR,-14.235004,-51.92528
86,Brazil,2019,18,BR,-14.235004,-51.92528
87,Brazil,2020,23,BR,-14.235004,-51.92528
88,Brazil,2021,7,BR,-14.235004,-51.92528
89,Bulgaria,2014,2,BG,42.733883,25.48583
90,Bulgaria,2015,1,BG,42.733883,25.48583
91,Bulgaria,2016,2,BG,42.733883,25.48583
92,Bulgaria,2017,3,BG,42.733883,25.48583
93,Bulgaria,2018,1,BG,42.733883,25.48583
94,Bulgaria,2020,1,BG,42.733883,25.48583
95,Burkina Faso,1993,1,BF,12.238333,-1.561593
96,Cambodia,2016,3,KH,12.565679,104.990963
97,Cambodia,2017,2,KH,12.565679,104.990963
98,Cambodia,2018,1,KH,12.565679,104.990963
99,Cameroon,2020,1,CM,7.369722,12.354722
100,Canada,1979,1,CA,56.130366,-106.346771
101,Canada,1980,1,CA,56.130366,-106.346771
102,Canada,1989,1,CA,56.130366,-106.346771
103,Canada,1993,1,CA,56.130366,-106.346771
104,Canada,1997,3,CA,56.130366,-106.346771
105,Canada,1998,2,CA,56.130366,-106.346771
106,Canada,1999,1,CA,56.130366,-106.346771
107,Canada,2000,3,CA,56.130366,-106.346771
108,Canada,2001,2,CA,56.130366,-106.346771
109,Canada,2002,3,CA,56.130366,-106.346771
110,Canada,2003,2,CA,56.130366,-106.346771
111,Canada,2004,4,CA,56.130366,-106.346771
112,Canada,2005,2,CA,56.130366,-106.346771
113,Canada,2006,4,CA,56.130366,-106.346771
114,Canada,2007,6,CA,56.130366,-106.346771
115,Canada,2008,4,CA,56.130366,-106.346771
116,Canada,2009,9,CA,56.130366,-106.346771
117,Canada,2010,14,CA,56.130366,-106.346771
118,Canada,2011,15,CA,56.130366,-106.346771
119,Canada,2012,16,CA,56.130366,-106.346771
120,Canada,2013,8,CA,56.130366,-106.346771
121,Canada,2014,30,CA,56.130366,-106.346771
122,Canada,2015,36,CA,56.130366,-106.346771
123,Canada,2016,57,CA,56.130366,-106.346771
124,Canada,2017,58,CA,56.130366,-106.346771
125,Canada,2018,67,CA,56.130366,-106.346771
126,Canada,2019,44,CA,56.130366,-106.346771
127,Canada,2020,39,CA,56.130366,-106.346771
128,Canada,2021,12,CA,56.130366,-106.346771
129,Cayman Islands,2018,1,KY,19.513469,-80.566956
130,Cayman Islands,2021,1,KY,19.513469,-80.566956
131,Chile,2006,1,CL,-35.675147,-71.542969
132,Chile,2008,1,CL,-35.675147,-71.542969
133,Chile,2012,1,CL,-35.675147,-71.542969
134,Chile,2013,3,CL,-35.675147,-71.542969
135,Chile,2015,6,CL,-35.675147,-71.542969
136,Chile,2016,6,CL,-35.675147,-71.542969
137,Chile,2017,3,CL,-35.675147,-71.542969
138,Chile,2018,4,CL,-35.675147,-71.542969
139,Chile,2019,2,CL,-35.675147,-71.542969
140,Chile,2020,2,CL,-35.675147,-71.542969
141,China,1986,1,CN,35.86166,104.195397
142,China,1997,1,CN,35.86166,104.195397
143,China,2000,1,CN,35.86166,104.195397
144,China,2004,2,CN,35.86166,104.195397
145,China,2005,1,CN,35.86166,104.195397
146,China,2006,1,CN,35.86166,104.195397
147,China,2007,1,CN,35.86166,104.195397
148,China,2008,5,CN,35.86166,104.195397
149,China,2010,4,CN,35.86166,104.195397
150,China,2011,4,CN,35.86166,104.195397
151,China,2012,2,CN,35.86166,104.195397
152,China,2013,3,CN,35.86166,104.195397
153,China,2014,4,CN,35.86166,104.195397
154,China,2015,10,CN,35.86166,104.195397
155,China,2016,25,CN,35.86166,104.195397
156,China,2017,27,CN,35.86166,104.195397
157,China,2018,24,CN,35.86166,104.195397
158,China,2019,24,CN,35.86166,104.195397
159,China,2020,15,CN,35.86166,104.195397
160,China,2021,7,CN,35.86166,104.195397
161,Colombia,2003,1,CO,4.570868,-74.297333
162,Colombia,2007,2,CO,4.570868,-74.297333
163,Colombia,2008,2,CO,4.570868,-74.297333
164,Colombia,2010,1,CO,4.570868,-74.297333
165,Colombia,2012,2,CO,4.570868,-74.297333
166,Colombia,2015,1,CO,4.570868,-74.297333
167,Colombia,2016,4,CO,4.570868,-74.297333
168,Colombia,2017,4,CO,4.570868,-74.297333
169,Colombia,2018,15,CO,4.570868,-74.297333
170,Colombia,2019,10,CO,4.570868,-74.297333
171,Colombia,2020,6,CO,4.570868,-74.297333
172,Colombia,2021,4,CO,4.570868,-74.297333
173,Croatia,2012,1,HR,45.1,15.2
174,Croatia,2015,1,HR,45.1,15.2
175,Croatia,2016,1,HR,45.1,15.2
176,Croatia,2018,1,HR,45.1,15.2
177,Cuba,2016,1,CU,21.521757,-77.781167
178,Cyprus,2017,1,CY,35.126413,33.429859
179,Czech Republic,2004,1,CZ,49.817492,15.472962
180,Czech Republic,2005,3,CZ,49.817492,15.472962
181,Czech Republic,2006,2,CZ,49.817492,15.472962
182,Czech Republic,2009,1,CZ,49.817492,15.472962
183,Czech Republic,2013,1,CZ,49.817492,15.472962
184,Czech Republic,2014,1,CZ,49.817492,15.472962
185,Czech Republic,2016,4,CZ,49.817492,15.472962
186,Czech Republic,2017,2,CZ,49.817492,15.472962
187,Czech Republic,2018,4,CZ,49.817492,15.472962
188,Czech Republic,2020,1,CZ,49.817492,15.472962
189,Czech Republic,2021,2,CZ,49.817492,15.472962
190,Denmark,1989,1,DK,56.26392,9.501785
191,Denmark,2005,1,DK,56.26392,9.501785
192,Denmark,2007,1,DK,56.26392,9.501785
193,Denmark,2012,3,DK,56.26392,9.501785
194,Denmark,2013,3,DK,56.26392,9.501785
195,Denmark,2014,7,DK,56.26392,9.501785
196,Denmark,2015,4,DK,56.26392,9.501785
197,Denmark,2016,7,DK,56.26392,9.501785
198,Denmark,2017,5,DK,56.26392,9.501785
199,Denmark,2018,6,DK,56.26392,9.501785
200,Denmark,2019,4,DK,56.26392,9.501785
201,Denmark,2020,4,DK,56.26392,9.501785
202,Denmark,2021,2,DK,56.26392,9.501785
203,Dominican Republic,2017,1,DO,18.735693,-70.162651
204,Ecuador,2014,1,EC,-1.831239,-78.183406
205,Egypt,1954,1,EG,26.820553,30.802498
206,Egypt,1956,1,EG,26.820553,30.802498
207,Egypt,1958,1,EG,26.820553,30.802498
208,Egypt,1963,1,EG,26.820553,30.802498
209,Egypt,1970,1,EG,26.820553,30.802498
210,Egypt,1973,1,EG,26.820553,30.802498
211,Egypt,1976,2,EG,26.820553,30.802498
212,Egypt,1979,2,EG,26.820553,30.802498
213,Egypt,1981,1,EG,26.820553,30.802498
214,Egypt,1982,1,EG,26.820553,30.802498
215,Egypt,1989,1,EG,26.820553,30.802498
216,Egypt,1994,1,EG,26.820553,30.802498
217,Egypt,1997,1,EG,26.820553,30.802498
218,Egypt,1999,1,EG,26.820553,30.802498
219,Egypt,2004,2,EG,26.820553,30.802498
220,Egypt,2005,1,EG,26.820553,30.802498
221,Egypt,2006,5,EG,26.820553,30.802498
222,Egypt,2007,2,EG,26.820553,30.802498
223,Egypt,2008,5,EG,26.820553,30.802498
224,Egypt,2009,4,EG,26.820553,30.802498
225,Egypt,2010,5,EG,26.820553,30.802498
226,Egypt,2011,8,EG,26.820553,30.802498
227,Egypt,2012,9,EG,26.820553,30.802498
228,Egypt,2013,6,EG,26.820553,30.802498
229,Egypt,2014,4,EG,26.820553,30.802498
230,Egypt,2015,3,EG,26.820553,30.802498
231,Egypt,2016,7,EG,26.820553,30.802498
232,Egypt,2017,14,EG,26.820553,30.802498
233,Egypt,2018,15,EG,26.820553,30.802498
234,Egypt,2019,6,EG,26.820553,30.802498
235,Egypt,2020,3,EG,26.820553,30.802498
236,Egypt,2021,2,EG,26.820553,30.802498
237,Ethiopia,1993,1,ET,9.145,40.489673
238,Finland,2012,1,FI,61.92411,25.748151
239,Finland,2014,1,FI,61.92411,25.748151
240,Finland,2016,2,FI,61.92411,25.748151
241,Finland,2017,1,FI,61.92411,25.748151
242,Finland,2018,1,FI,61.92411,25.748151
243,Finland,2019,4,FI,61.92411,25.748151
244,Finland,2020,1,FI,61.92411,25.748151
245,France,1955,1,FR,46.227638,2.213749
246,France,1974,1,FR,46.227638,2.213749
247,France,1979,1,FR,46.227638,2.213749
248,France,1980,1,FR,46.227638,2.213749
249,France,1982,1,FR,46.227638,2.213749
250,France,1989,2,FR,46.227638,2.213749
251,France,1991,1,FR,46.227638,2.213749
252,France,1992,2,FR,46.227638,2.213749
253,France,1993,4,FR,46.227638,2.213749
254,France,1994,2,FR,46.227638,2.213749
255,France,1996,1,FR,46.227638,2.213749
256,France,1997,3,FR,46.227638,2.213749
257,France,1998,2,FR,46.227638,2.213749
258,France,1999,3,FR,46.227638,2.213749
259,France,2000,3,FR,46.227638,2.213749
260,France,2002,6,FR,46.227638,2.213749
261,France,2003,4,FR,46.227638,2.213749
262,France,2004,2,FR,46.227638,2.213749
263,France,2005,3,FR,46.227638,2.213749
264,France,2006,3,FR,46.227638,2.213749
265,France,2007,2,FR,46.227638,2.213749
266,France,2008,4,FR,46.227638,2.213749
267,France,2009,9,FR,46.227638,2.213749
268,France,2010,14,FR,46.227638,2.213749
269,France,2011,12,FR,46.227638,2.213749
270,France,2012,7,FR,46.227638,2.213749
271,France,2013,16,FR,46.227638,2.213749
272,France,2014,23,FR,46.227638,2.213749
273,France,2015,33,FR,46.227638,2.213749
274,France,2016,52,FR,46.227638,2.213749
275,France,2017,40,FR,46.227638,2.213749
276,France,2018,47,FR,46.227638,2.213749
277,France,2019,49,FR,46.227638,2.213749
278,France,2020,26,FR,46.227638,2.213749
279,France,2021,13,FR,46.227638,2.213749
280,Georgia,2017,1,GE,42.315407,43.356892
281,Georgia,2018,1,GE,42.315407,43.356892
282,Germany,1993,1,DE,51.165691,10.451526
283,Germany,1997,2,DE,51.165691,10.451526
284,Germany,1998,2,DE,51.165691,10.451526
285,Germany,1999,3,DE,51.165691,10.451526
286,Germany,2000,3,DE,51.165691,10.451526
287,Germany,2001,2,DE,51.165691,10.451526
288,Germany,2002,6,DE,51.165691,10.451526
289,Germany,2003,4,DE,51.165691,10.451526
290,Germany,2004,4,DE,51.165691,10.451526
291,Germany,2005,8,DE,51.165691,10.451526
292,Germany,2006,5,DE,51.165691,10.451526
293,Germany,2007,3,DE,51.165691,10.451526
294,Germany,2008,5,DE,51.165691,10.451526
295,Germany,2009,7,DE,51.165691,10.451526
296,Germany,2010,4,DE,51.165691,10.451526
297,Germany,2011,6,DE,51.165691,10.451526
298,Germany,2012,6,DE,51.165691,10.451526
299,Germany,2013,7,DE,51.165691,10.451526
300,Germany,2014,12,DE,51.165691,10.451526
301,Germany,2015,14,DE,51.165691,10.451526
302,Germany,2016,30,DE,51.165691,10.451526
303,Germany,2017,22,DE,51.165691,10.451526
304,Germany,2018,14,DE,51.165691,10.451526
305,Germany,2019,14,DE,51.165691,10.451526
306,Germany,2020,33,DE,51.165691,10.451526
307,Germany,2021,9,DE,51.165691,10.451526
308,Ghana,1993,1,GH,7.946527,-1.023194
309,Ghana,2017,1,GH,7.946527,-1.023194
310,Ghana,2018,2,GH,7.946527,-1.023194
311,Ghana,2019,1,GH,7.946527,-1.023194
312,Greece,2011,3,GR,39.074208,21.824312
313,Greece,2012,1,GR,39.074208,21.824312
314,Greece,2014,1,GR,39.074208,21.824312
315,Greece,2015,1,GR,39.074208,21.824312
316,Greece,2016,3,GR,39.074208,21.824312
317,Greece,2017,1,GR,39.074208,21.824312
318,Greece,2021,1,GR,39.074208,21.824312
319,Guatemala,2017,1,GT,15.783471,-90.230759
320,Guatemala,2019,1,GT,15.783471,-90.230759
321,Hong Kong,1973,2,HK,22.396428,114.109497
322,Hong Kong,1975,1,HK,22.396428,114.109497
323,Hong Kong,1978,2,HK,22.396428,114.109497
324,Hong Kong,1980,2,HK,22.396428,114.109497
325,Hong Kong,1981,1,HK,22.396428,114.109497
326,Hong Kong,1982,2,HK,22.396428,114.109497
327,Hong Kong,1983,3,HK,22.396428,114.109497
328,Hong Kong,1984,3,HK,22.396428,114.109497
329,Hong Kong,1985,2,HK,22.396428,114.109497
330,Hong Kong,1986,1,HK,22.396428,114.109497
331,Hong Kong,1988,1,HK,22.396428,114.109497
332,Hong Kong,1989,1,HK,22.396428,114.109497
333,Hong Kong,1990,1,HK,22.396428,114.109497
334,Hong Kong,1991,1,HK,22.396428,114.109497
335,Hong Kong,1992,3,HK,22.396428,114.109497
336,Hong Kong,1993,2,HK,22.396428,114.109497
337,Hong Kong,1994,1,HK,22.396428,114.109497
338,Hong Kong,1995,2,HK,22.396428,114.109497
339,Hong Kong,1997,2,HK,22.396428,114.109497
340,Hong Kong,2000,1,HK,22.396428,114.109497
341,Hong Kong,2001,1,HK,22.396428,114.109497
342,Hong Kong,2002,1,HK,22.396428,114.109497
343,Hong Kong,2004,2,HK,22.396428,114.109497
344,Hong Kong,2005,1,HK,22.396428,114.109497
345,Hong Kong,2006,2,HK,22.396428,114.109497
346,Hong Kong,2007,3,HK,22.396428,114.109497
347,Hong Kong,2008,2,HK,22.396428,114.109497
348,Hong Kong,2009,3,HK,22.396428,114.109497
349,Hong Kong,2010,5,HK,22.396428,114.109497
350,Hong Kong,2011,3,HK,22.396428,114.109497
351,Hong Kong,2012,1,HK,22.396428,114.109497
352,Hong Kong,2013,5,HK,22.396428,114.109497
353,Hong Kong,2014,5,HK,22.396428,114.109497
354,Hong Kong,2015,4,HK,22.396428,114.109497
355,Hong Kong,2016,14,HK,22.396428,114.109497
356,Hong Kong,2017,6,HK,22.396428,114.109497
357,Hong Kong,2018,7,HK,22.396428,114.109497
358,Hong Kong,2019,6,HK,22.396428,114.109497
359,Hungary,2003,1,HU,47.162494,19.503304
360,Hungary,2013,1,HU,47.162494,19.503304
361,Hungary,2015,1,HU,47.162494,19.503304
362,Hungary,2016,2,HU,47.162494,19.503304
363,Hungary,2017,1,HU,47.162494,19.503304
364,Hungary,2018,1,HU,47.162494,19.503304
365,Hungary,2019,2,HU,47.162494,19.503304
366,Hungary,2020,1,HU,47.162494,19.503304
367,Hungary,2021,1,HU,47.162494,19.503304
368,Iceland,2015,1,IS,64.963051,-19.020835
369,Iceland,2017,2,IS,64.963051,-19.020835
370,Iceland,2018,4,IS,64.963051,-19.020835
371,Iceland,2019,1,IS,64.963051,-19.020835
372,Iceland,2020,2,IS,64.963051,-19.020835
373,Iceland,2021,1,IS,64.963051,-19.020835
374,India,1959,1,IN,20.593684,78.96288
375,India,1960,1,IN,20.593684,78.96288
376,India,1962,1,IN,20.593684,78.96288
377,India,1964,1,IN,20.593684,78.96288
378,India,1966,1,IN,20.593684,78.96288
379,India,1969,1,IN,20.593684,78.96288
380,India,1971,2,IN,20.593684,78.96288
381,India,1972,2,IN,20.593684,78.96288
382,India,1973,2,IN,20.593684,78.96288
383,India,1974,2,IN,20.593684,78.96288
384,India,1975,2,IN,20.593684,78.96288
385,India,1976,2,IN,20.593684,78.96288
386,India,1977,2,IN,20.593684,78.96288
387,India,1978,1,IN,20.593684,78.96288
388,India,1979,2,IN,20.593684,78.96288
389,India,1980,3,IN,20.593684,78.96288
390,India,1981,1,IN,20.593684,78.96288
391,India,1982,6,IN,20.593684,78.96288
392,India,1983,4,IN,20.593684,78.96288
393,India,1984,2,IN,20.593684,78.96288
394,India,1985,2,IN,20.593684,78.96288
395,India,1986,2,IN,20.593684,78.96288
396,India,1987,1,IN,20.593684,78.96288
397,India,1988,2,IN,20.593684,78.96288
398,India,1989,2,IN,20.593684,78.96288
399,India,1990,4,IN,20.593684,78.96288
400,India,1991,1,IN,20.593684,78.96288
401,India,1992,1,IN,20.593684,78.96288
402,India,1993,4,IN,20.593684,78.96288
403,India,1994,5,IN,20.593684,78.96288
404,India,1995,5,IN,20.593684,78.96288
405,India,1996,3,IN,20.593684,78.96288
406,India,1997,3,IN,20.593684,78.96288
407,India,1998,6,IN,20.593684,78.96288
408,India,1999,6,IN,20.593684,78.96288
409,India,2000,7,IN,20.593684,78.96288
410,India,2001,8,IN,20.593684,78.96288
411,India,2002,10,IN,20.593684,78.96288
412,India,2003,13,IN,20.593684,78.96288
413,India,2004,15,IN,20.593684,78.96288
414,India,2005,20,IN,20.593684,78.96288
415,India,2006,20,IN,20.593684,78.96288
416,India,2007,17,IN,20.593684,78.96288
417,India,2008,26,IN,20.593684,78.96288
418,India,2009,28,IN,20.593684,78.96288
419,India,2010,41,IN,20.593684,78.96288
420,India,2011,33,IN,20.593684,78.96288
421,India,2012,41,IN,20.593684,78.96288
422,India,2013,58,IN,20.593684,78.96288
423,India,2014,56,IN,20.593684,78.96288
424,India,2015,70,IN,20.593684,78.96288
425,India,2016,80,IN,20.593684,78.96288
426,India,2017,111,IN,20.593684,78.96288
427,India,2018,101,IN,20.593684,78.96288
428,India,2019,93,IN,20.593684,78.96288
429,India,2020,77,IN,20.593684,78.96288
430,India,2021,35,IN,20.593684,78.96288
431,Indonesia,2002,1,ID,-0.789275,113.921327
432,Indonesia,2003,1,ID,-0.789275,113.921327
433,Indonesia,2005,1,ID,-0.789275,113.921327
434,Indonesia,2008,3,ID,-0.789275,113.921327
435,Indonesia,2009,3,ID,-0.789275,113.921327
436,Indonesia,2011,4,ID,-0.789275,113.921327
437,Indonesia,2012,2,ID,-0.789275,113.921327
438,Indonesia,2013,3,ID,-0.789275,113.921327
439,Indonesia,2014,2,ID,-0.789275,113.921327
440,Indonesia,2015,6,ID,-0.789275,113.921327
441,Indonesia,2016,9,ID,-0.789275,113.921327
442,Indonesia,2017,9,ID,-0.789275,113.921327
443,Indonesia,2018,16,ID,-0.789275,113.921327
444,Indonesia,2019,9,ID,-0.789275,113.921327
445,Indonesia,2020,16,ID,-0.789275,113.921327
446,Indonesia,2021,5,ID,-0.789275,113.921327
447,Iran,2011,1,IR,32.427908,53.688046
448,Iran,2016,1,IR,32.427908,53.688046
449,Iran,2018,2,IR,32.427908,53.688046
450,Iraq,2015,1,IQ,33.223191,43.679291
451,Iraq,2018,1,IQ,33.223191,43.679291
452,Ireland,1989,1,IE,53.41291,-8.24389
453,Ireland,1998,1,IE,53.41291,-8.24389
454,Ireland,2007,1,IE,53.41291,-8.24389
455,Ireland,2010,3,IE,53.41291,-8.24389
456,Ireland,2011,1,IE,53.41291,-8.24389
457,Ireland,2013,1,IE,53.41291,-8.24389
458,Ireland,2014,1,IE,53.41291,-8.24389
459,Ireland,2015,4,IE,53.41291,-8.24389
460,Ireland,2016,15,IE,53.41291,-8.24389
461,Ireland,2017,6,IE,53.41291,-8.24389
462,Ireland,2018,7,IE,53.41291,-8.24389
463,Ireland,2019,2,IE,53.41291,-8.24389
464,Ireland,2020,2,IE,53.41291,-8.24389
465,Ireland,2021,1,IE,53.41291,-8.24389
466,Israel,2012,1,IL,31.046051,34.851612
467,Israel,2013,2,IL,31.046051,34.851612
468,Israel,2014,2,IL,31.046051,34.851612
469,Israel,2015,4,IL,31.046051,34.851612
470,Israel,2016,5,IL,31.046051,34.851612
471,Israel,2017,4,IL,31.046051,34.851612
472,Israel,2018,5,IL,31.046051,34.851612
473,Israel,2019,2,IL,31.046051,34.851612
474,Israel,2020,2,IL,31.046051,34.851612
475,Israel,2021,3,IL,31.046051,34.851612
476,Italy,1955,2,IT,41.87194,12.56738
477,Italy,1965,1,IT,41.87194,12.56738
478,Italy,1968,1,IT,41.87194,12.56738
479,Italy,1984,1,IT,41.87194,12.56738
480,Italy,1986,1,IT,41.87194,12.56738
481,Italy,1991,1,IT,41.87194,12.56738
482,Italy,1993,1,IT,41.87194,12.56738
483,Italy,2001,1,IT,41.87194,12.56738
484,Italy,2002,1,IT,41.87194,12.56738
485,Italy,2003,1,IT,41.87194,12.56738
486,Italy,2006,1,IT,41.87194,12.56738
487,Italy,2009,2,IT,41.87194,12.56738
488,Italy,2010,1,IT,41.87194,12.56738
489,Italy,2011,2,IT,41.87194,12.56738
490,Italy,2013,4,IT,41.87194,12.56738
491,Italy,2014,3,IT,41.87194,12.56738
492,Italy,2015,5,IT,41.87194,12.56738
493,Italy,2016,13,IT,41.87194,12.56738
494,Italy,2017,12,IT,41.87194,12.56738
495,Italy,2018,7,IT,41.87194,12.56738
496,Italy,2019,13,IT,41.87194,12.56738
497,Italy,2020,18,IT,41.87194,12.56738
498,Italy,2021,8,IT,41.87194,12.56738
499,Jamaica,2018,1,JM,18.109581,-77.297508
500,Japan,1979,1,JP,36.204824,138.252924
501,Japan,1981,1,JP,36.204824,138.252924
502,Japan,1985,1,JP,36.204824,138.252924
503,Japan,1986,1,JP,36.204824,138.252924
504,Japan,1992,2,JP,36.204824,138.252924
505,Japan,1993,1,JP,36.204824,138.252924
506,Japan,1995,1,JP,36.204824,138.252924
507,Japan,1996,1,JP,36.204824,138.252924
508,Japan,1997,3,JP,36.204824,138.252924
509,Japan,1998,3,JP,36.204824,138.252924
510,Japan,1999,2,JP,36.204824,138.252924
511,Japan,2000,2,JP,36.204824,138.252924
512,Japan,2001,2,JP,36.204824,138.252924
513,Japan,2002,4,JP,36.204824,138.252924
514,Japan,2003,5,JP,36.204824,138.252924
515,Japan,2004,3,JP,36.204824,138.252924
516,Japan,2005,5,JP,36.204824,138.252924
517,Japan,2006,5,JP,36.204824,138.252924
518,Japan,2007,3,JP,36.204824,138.252924
519,Japan,2008,10,JP,36.204824,138.252924
520,Japan,2009,5,JP,36.204824,138.252924
521,Japan,2010,11,JP,36.204824,138.252924
522,Japan,2011,10,JP,36.204824,138.252924
523,Japan,2012,7,JP,36.204824,138.252924
524,Japan,2013,11,JP,36.204824,138.252924
525,Japan,2014,16,JP,36.204824,138.252924
526,Japan,2015,16,JP,36.204824,138.252924
527,Japan,2016,25,JP,36.204824,138.252924
528,Japan,2017,37,JP,36.204824,138.252924
529,Japan,2018,49,JP,36.204824,138.252924
530,Japan,2019,36,JP,36.204824,138.252924
531,Japan,2020,24,JP,36.204824,138.252924
532,Japan,2021,15,JP,36.204824,138.252924
533,Jordan,2012,1,JO,30.585164,36.238414
534,Jordan,2014,1,JO,30.585164,36.238414
535,Jordan,2015,1,JO,30.585164,36.238414
536,Jordan,2016,3,JO,30.585164,36.238414
537,Jordan,2017,1,JO,30.585164,36.238414
538,Jordan,2019,1,JO,30.585164,36.238414
539,Jordan,2021,1,JO,30.585164,36.238414
540,Kazakhstan,2016,1,KZ,48.019573,66.923684
541,Kenya,2014,1,KE,-0.023559,37.906193
542,Kenya,2017,1,KE,-0.023559,37.906193
543,Kenya,2018,2,KE,-0.023559,37.906193
544,Kenya,2019,1,KE,-0.023559,37.906193
545,Kenya,2020,1,KE,-0.023559,37.906193
546,Kuwait,1981,1,KW,29.31166,47.481766
547,Kuwait,2017,2,KW,29.31166,47.481766
548,Kuwait,2018,1,KW,29.31166,47.481766
549,Kuwait,2019,4,KW,29.31166,47.481766
550,Latvia,2016,1,LV,56.879635,24.603189
551,Lebanon,1975,1,LB,33.854721,35.862285
552,Lebanon,1979,1,LB,33.854721,35.862285
553,Lebanon,1980,1,LB,33.854721,35.862285
554,Lebanon,1982,1,LB,33.854721,35.862285
555,Lebanon,1999,1,LB,33.854721,35.862285
556,Lebanon,2003,1,LB,33.854721,35.862285
557,Lebanon,2005,1,LB,33.854721,35.862285
558,Lebanon,2007,1,LB,33.854721,35.862285
559,Lebanon,2010,2,LB,33.854721,35.862285
560,Lebanon,2012,2,LB,33.854721,35.862285
561,Lebanon,2013,1,LB,33.854721,35.862285
562,Lebanon,2014,3,LB,33.854721,35.862285
563,Lebanon,2015,1,LB,33.854721,35.862285
564,Lebanon,2017,5,LB,33.854721,35.862285
565,Lebanon,2018,4,LB,33.854721,35.862285
566,Lebanon,2019,4,LB,33.854721,35.862285
567,Lebanon,2020,1,LB,33.854721,35.862285
568,Liechtenstein,1965,1,LI,47.166,9.555373
569,Lithuania,2015,1,LT,55.169438,23.881275
570,Luxembourg,2011,1,LU,49.815273,6.129583
571,Luxembourg,2013,1,LU,49.815273,6.129583
572,Luxembourg,2014,1,LU,49.815273,6.129583
573,Luxembourg,2015,1,LU,49.815273,6.129583
574,Luxembourg,2016,1,LU,49.815273,6.129583
575,Luxembourg,2017,1,LU,49.815273,6.129583
576,Luxembourg,2018,4,LU,49.815273,6.129583
577,Luxembourg,2019,2,LU,49.815273,6.129583
578,Malawi,2019,1,MW,-13.254308,34.301525
579,Malaysia,1960,1,MY,4.210484,101.975766
580,Malaysia,2003,1,MY,4.210484,101.975766
581,Malaysia,2004,1,MY,4.210484,101.975766
582,Malaysia,2006,1,MY,4.210484,101.975766
583,Malaysia,2009,1,MY,4.210484,101.975766
584,Malaysia,2011,1,MY,4.210484,101.975766
585,Malaysia,2013,1,MY,4.210484,101.975766
586,Malaysia,2014,1,MY,4.210484,101.975766
587,Malaysia,2015,4,MY,4.210484,101.975766
588,Malaysia,2016,1,MY,4.210484,101.975766
589,Malaysia,2017,3,MY,4.210484,101.975766
590,Malaysia,2018,6,MY,4.210484,101.975766
591,Malaysia,2019,2,MY,4.210484,101.975766
592,Malaysia,2020,2,MY,4.210484,101.975766
593,Malta,2006,1,MT,35.937496,14.375416
594,Malta,2015,1,MT,35.937496,14.375416
595,Malta,2018,1,MT,35.937496,14.375416
596,Mauritius,2019,1,MU,-20.348404,57.552152
597,Mauritius,2021,1,MU,-20.348404,57.552152
598,Mexico,1979,1,MX,23.634501,-102.552784
599,Mexico,1990,1,MX,23.634501,-102.552784
600,Mexico,1991,1,MX,23.634501,-102.552784
601,Mexico,1992,1,MX,23.634501,-102.552784
602,Mexico,1993,1,MX,23.634501,-102.552784
603,Mexico,1994,1,MX,23.634501,-102.552784
604,Mexico,1998,1,MX,23.634501,-102.552784
605,Mexico,1999,2,MX,23.634501,-102.552784
606,Mexico,2001,1,MX,23.634501,-102.552784
607,Mexico,2004,2,MX,23.634501,-102.552784
608,Mexico,2006,3,MX,23.634501,-102.552784
609,Mexico,2007,1,MX,23.634501,-102.552784
610,Mexico,2008,1,MX,23.634501,-102.552784
611,Mexico,2010,5,MX,23.634501,-102.552784
612,Mexico,2012,3,MX,23.634501,-102.552784
613,Mexico,2013,2,MX,23.634501,-102.552784
614,Mexico,2014,4,MX,23.634501,-102.552784
615,Mexico,2015,9,MX,23.634501,-102.552784
616,Mexico,2016,23,MX,23.634501,-102.552784
617,Mexico,2017,20,MX,23.634501,-102.552784
618,Mexico,2018,25,MX,23.634501,-102.552784
619,Mexico,2019,25,MX,23.634501,-102.552784
620,Mexico,2020,23,MX,23.634501,-102.552784
621,Mexico,2021,13,MX,23.634501,-102.552784
622,Mongolia,2017,1,MN,46.862496,103.846656
623,Montenegro,2015,1,ME,42.708678,19.37439
624,Morocco,2014,2,MA,31.791702,-7.09262
625,Morocco,2015,3,MA,31.791702,-7.09262
626,Morocco,2018,1,MA,31.791702,-7.09262
627,Mozambique,2019,1,MZ,-18.665695,35.529562
628,Namibia,2017,1,,-22.95764,18.49041
629,Namibia,2019,1,,-22.95764,18.49041
630,Nepal,2017,1,NP,28.394857,84.124008
631,Nepal,2018,1,NP,28.394857,84.124008
632,Netherlands,2002,1,NL,52.132633,5.291266
633,Netherlands,2005,1,NL,52.132633,5.291266
634,Netherlands,2006,1,NL,52.132633,5.291266
635,Netherlands,2012,1,NL,52.132633,5.291266
636,Netherlands,2014,1,NL,52.132633,5.291266
637,Netherlands,2015,8,NL,52.132633,5.291266
638,Netherlands,2016,8,NL,52.132633,5.291266
639,Netherlands,2017,10,NL,52.132633,5.291266
640,Netherlands,2018,7,NL,52.132633,5.291266
641,Netherlands,2019,4,NL,52.132633,5.291266
642,Netherlands,2020,5,NL,52.132633,5.291266
643,Netherlands,2021,3,NL,52.132633,5.291266
644,New Zealand,1993,1,NZ,-40.900557,174.885971
645,New Zealand,1998,1,NZ,-40.900557,174.885971
646,New Zealand,2002,1,NZ,-40.900557,174.885971
647,New Zealand,2003,2,NZ,-40.900557,174.885971
648,New Zealand,2005,1,NZ,-40.900557,174.885971
649,New Zealand,2007,2,NZ,-40.900557,174.885971
650,New Zealand,2009,3,NZ,-40.900557,174.885971
651,New Zealand,2011,1,NZ,-40.900557,174.885971
652,New Zealand,2014,1,NZ,-40.900557,174.885971
653,New Zealand,2015,3,NZ,-40.900557,174.885971
654,New Zealand,2016,5,NZ,-40.900557,174.885971
655,New Zealand,2017,3,NZ,-40.900557,174.885971
656,New Zealand,2018,5,NZ,-40.900557,174.885971
657,New Zealand,2019,2,NZ,-40.900557,174.885971
658,New Zealand,2020,1,NZ,-40.900557,174.885971
659,New Zealand,2021,1,NZ,-40.900557,174.885971
660,Nicaragua,2015,1,NI,12.865416,-85.207229
661,Nigeria,2003,1,NG,9.081999,8.675277
662,Nigeria,2009,1,NG,9.081999,8.675277
663,Nigeria,2010,3,NG,9.081999,8.675277
664,Nigeria,2011,1,NG,9.081999,8.675277
665,Nigeria,2012,2,NG,9.081999,8.675277
666,Nigeria,2013,3,NG,9.081999,8.675277
667,Nigeria,2014,3,NG,9.081999,8.675277
668,Nigeria,2015,7,NG,9.081999,8.675277
669,Nigeria,2016,14,NG,9.081999,8.675277
670,Nigeria,2017,17,NG,9.081999,8.675277
671,Nigeria,2018,19,NG,9.081999,8.675277
672,Nigeria,2019,16,NG,9.081999,8.675277
673,Nigeria,2020,12,NG,9.081999,8.675277
674,Nigeria,2021,4,NG,9.081999,8.675277
675,Norway,1999,1,NO,60.472024,8.468946
676,Norway,2007,1,NO,60.472024,8.468946
677,Norway,2011,1,NO,60.472024,8.468946
678,Norway,2012,1,NO,60.472024,8.468946
679,Norway,2013,1,NO,60.472024,8.468946
680,Norway,2014,5,NO,60.472024,8.468946
681,Norway,2016,5,NO,60.472024,8.468946
682,Norway,2017,2,NO,60.472024,8.468946
683,Norway,2018,4,NO,60.472024,8.468946
684,Norway,2019,3,NO,60.472024,8.468946
685,Norway,2020,5,NO,60.472024,8.468946
686,Norway,2021,1,NO,60.472024,8.468946
687,Pakistan,2010,1,PK,30.375321,69.345116
688,Pakistan,2011,1,PK,30.375321,69.345116
689,Pakistan,2012,1,PK,30.375321,69.345116
690,Pakistan,2013,1,PK,30.375321,69.345116
691,Pakistan,2014,2,PK,30.375321,69.345116
692,Pakistan,2015,3,PK,30.375321,69.345116
693,Pakistan,2016,4,PK,30.375321,69.345116
694,Pakistan,2017,5,PK,30.375321,69.345116
695,Pakistan,2018,5,PK,30.375321,69.345116
696,Pakistan,2020,1,PK,30.375321,69.345116
697,Panama,2015,1,PA,8.537981,-80.782127
698,Paraguay,2018,1,PY,-23.442503,-58.443832
699,Peru,2015,2,PE,-9.189967,-75.015152
700,Peru,2016,2,PE,-9.189967,-75.015152
701,Peru,2017,4,PE,-9.189967,-75.015152
702,Peru,2018,2,PE,-9.189967,-75.015152
703,Philippines,2006,1,PH,12.879721,121.774017
704,Philippines,2007,1,PH,12.879721,121.774017
705,Philippines,2008,3,PH,12.879721,121.774017
706,Philippines,2009,1,PH,12.879721,121.774017
707,Philippines,2010,1,PH,12.879721,121.774017
708,Philippines,2011,1,PH,12.879721,121.774017
709,Philippines,2012,4,PH,12.879721,121.774017
710,Philippines,2013,6,PH,12.879721,121.774017
711,Philippines,2014,4,PH,12.879721,121.774017
712,Philippines,2015,10,PH,12.879721,121.774017
713,Philippines,2016,10,PH,12.879721,121.774017
714,Philippines,2017,11,PH,12.879721,121.774017
715,Philippines,2018,9,PH,12.879721,121.774017
716,Philippines,2019,15,PH,12.879721,121.774017
717,Philippines,2020,5,PH,12.879721,121.774017
718,Philippines,2021,1,PH,12.879721,121.774017
719,Poland,1967,1,PL,51.919438,19.145136
720,Poland,1970,1,PL,51.919438,19.145136
721,Poland,1973,1,PL,51.919438,19.145136
722,Poland,1975,1,PL,51.919438,19.145136
723,Poland,1978,1,PL,51.919438,19.145136
724,Poland,1982,1,PL,51.919438,19.145136
725,Poland,1983,1,PL,51.919438,19.145136
726,Poland,1985,1,PL,51.919438,19.145136
727,Poland,1989,1,PL,51.919438,19.145136
728,Poland,1990,1,PL,51.919438,19.145136
729,Poland,2002,1,PL,51.919438,19.145136
730,Poland,2013,1,PL,51.919438,19.145136
731,Poland,2014,1,PL,51.919438,19.145136
732,Poland,2015,1,PL,51.919438,19.145136
733,Poland,2016,3,PL,51.919438,19.145136
734,Poland,2017,3,PL,51.919438,19.145136
735,Poland,2018,6,PL,51.919438,19.145136
736,Poland,2019,4,PL,51.919438,19.145136
737,Poland,2020,7,PL,51.919438,19.145136
738,Poland,2021,4,PL,51.919438,19.145136
739,Portugal,2014,1,PT,39.399872,-8.224454
740,Portugal,2016,2,PT,39.399872,-8.224454
741,Portugal,2018,1,PT,39.399872,-8.224454
742,Portugal,2020,2,PT,39.399872,-8.224454
743,Puerto Rico,2018,1,PR,18.220833,-66.590149
744,Qatar,2014,1,QA,25.354826,51.183884
745,Qatar,2015,1,QA,25.354826,51.183884
746,Qatar,2016,4,QA,25.354826,51.183884
747,Qatar,2017,1,QA,25.354826,51.183884
748,Qatar,2018,1,QA,25.354826,51.183884
749,Qatar,2019,1,QA,25.354826,51.183884
750,Qatar,2021,1,QA,25.354826,51.183884
751,Romania,2003,1,RO,45.943161,24.96676
752,Romania,2005,1,RO,45.943161,24.96676
753,Romania,2010,1,RO,45.943161,24.96676
754,Romania,2014,1,RO,45.943161,24.96676
755,Romania,2015,2,RO,45.943161,24.96676
756,Romania,2016,3,RO,45.943161,24.96676
757,Romania,2018,2,RO,45.943161,24.96676
758,Romania,2019,3,RO,45.943161,24.96676
759,Russia,2011,1,RU,61.52401,105.318756
760,Russia,2012,1,RU,61.52401,105.318756
761,Russia,2013,2,RU,61.52401,105.318756
762,Russia,2014,2,RU,61.52401,105.318756
763,Russia,2015,7,RU,61.52401,105.318756
764,Russia,2016,3,RU,61.52401,105.318756
765,Russia,2017,4,RU,61.52401,105.318756
766,Russia,2018,3,RU,61.52401,105.318756
767,Russia,2019,2,RU,61.52401,105.318756
768,Russia,2020,1,RU,61.52401,105.318756
769,Russia,2021,1,RU,61.52401,105.318756
770,Samoa,2017,1,WS,-13.759029,-172.104629
771,Saudi Arabia,2006,1,SA,23.885942,45.079162
772,Saudi Arabia,2008,1,SA,23.885942,45.079162
773,Saudi Arabia,2012,1,SA,23.885942,45.079162
774,Saudi Arabia,2013,1,SA,23.885942,45.079162
775,Saudi Arabia,2014,2,SA,23.885942,45.079162
776,Saudi Arabia,2016,1,SA,23.885942,45.079162
777,Saudi Arabia,2017,1,SA,23.885942,45.079162
778,Saudi Arabia,2019,1,SA,23.885942,45.079162
779,Saudi Arabia,2020,3,SA,23.885942,45.079162
780,Saudi Arabia,2021,1,SA,23.885942,45.079162
781,Senegal,2015,1,SN,14.497401,-14.452362
782,Senegal,2019,2,SN,14.497401,-14.452362
783,Serbia,2014,1,RS,44.016521,21.005859
784,Serbia,2015,1,RS,44.016521,21.005859
785,Serbia,2016,1,RS,44.016521,21.005859
786,Serbia,2017,1,RS,44.016521,21.005859
787,Serbia,2018,2,RS,44.016521,21.005859
788,Serbia,2019,1,RS,44.016521,21.005859
789,Singapore,2009,3,SG,1.352083,103.819836
790,Singapore,2010,1,SG,1.352083,103.819836
791,Singapore,2011,4,SG,1.352083,103.819836
792,Singapore,2012,5,SG,1.352083,103.819836
793,Singapore,2013,1,SG,1.352083,103.819836
794,Singapore,2014,6,SG,1.352083,103.819836
795,Singapore,2015,3,SG,1.352083,103.819836
796,Singapore,2016,3,SG,1.352083,103.819836
797,Singapore,2017,3,SG,1.352083,103.819836
798,Singapore,2018,4,SG,1.352083,103.819836
799,Singapore,2019,5,SG,1.352083,103.819836
800,Singapore,2020,1,SG,1.352083,103.819836
801,Singapore,2021,2,SG,1.352083,103.819836
802,Slovakia,2016,1,SK,48.669026,19.699024
803,Slovenia,2015,1,SI,46.151241,14.995463
804,Slovenia,2016,2,SI,46.151241,14.995463
805,Somalia,2017,1,SO,5.152149,46.199616
806,South Africa,1986,1,ZA,-30.559482,22.937506
807,South Africa,2002,1,ZA,-30.559482,22.937506
808,South Africa,2008,1,ZA,-30.559482,22.937506
809,South Africa,2009,1,ZA,-30.559482,22.937506
810,South Africa,2010,1,ZA,-30.559482,22.937506
811,South Africa,2012,3,ZA,-30.559482,22.937506
812,South Africa,2013,4,ZA,-30.559482,22.937506
813,South Africa,2014,1,ZA,-30.559482,22.937506
814,South Africa,2015,6,ZA,-30.559482,22.937506
815,South Africa,2016,6,ZA,-30.559482,22.937506
816,South Africa,2017,14,ZA,-30.559482,22.937506
817,South Africa,2018,7,ZA,-30.559482,22.937506
818,South Africa,2019,5,ZA,-30.559482,22.937506
819,South Africa,2020,6,ZA,-30.559482,22.937506
820,South Africa,2021,5,ZA,-30.559482,22.937506
821,South Korea,2004,1,KR,35.907757,127.766922
822,South Korea,2008,1,KR,35.907757,127.766922
823,South Korea,2009,4,KR,35.907757,127.766922
824,South Korea,2010,2,KR,35.907757,127.766922
825,South Korea,2011,1,KR,35.907757,127.766922
826,South Korea,2012,11,KR,35.907757,127.766922
827,South Korea,2013,6,KR,35.907757,127.766922
828,South Korea,2014,8,KR,35.907757,127.766922
829,South Korea,2015,16,KR,35.907757,127.766922
830,South Korea,2016,36,KR,35.907757,127.766922
831,South Korea,2017,33,KR,35.907757,127.766922
832,South Korea,2018,34,KR,35.907757,127.766922
833,South Korea,2019,27,KR,35.907757,127.766922
834,South Korea,2020,31,KR,35.907757,127.766922
835,South Korea,2021,20,KR,35.907757,127.766922
836,Spain,1993,1,ES,40.463667,-3.74922
837,Spain,2001,1,ES,40.463667,-3.74922
838,Spain,2003,2,ES,40.463667,-3.74922
839,Spain,2004,2,ES,40.463667,-3.74922
840,Spain,2006,2,ES,40.463667,-3.74922
841,Spain,2008,1,ES,40.463667,-3.74922
842,Spain,2009,2,ES,40.463667,-3.74922
843,Spain,2010,2,ES,40.463667,-3.74922
844,Spain,2011,3,ES,40.463667,-3.74922
845,Spain,2012,2,ES,40.463667,-3.74922
846,Spain,2013,6,ES,40.463667,-3.74922
847,Spain,2014,3,ES,40.463667,-3.74922
848,Spain,2015,16,ES,40.463667,-3.74922
849,Spain,2016,31,ES,40.463667,-3.74922
850,Spain,2017,33,ES,40.463667,-3.74922
851,Spain,2018,46,ES,40.463667,-3.74922
852,Spain,2019,32,ES,40.463667,-3.74922
853,Spain,2020,31,ES,40.463667,-3.74922
854,Spain,2021,16,ES,40.463667,-3.74922
855,Sri Lanka,2010,1,LK,7.873054,80.771797
856,Sudan,2017,1,SD,12.862807,30.217636
857,Sweden,2005,1,SE,60.128161,18.643501
858,Sweden,2011,1,SE,60.128161,18.643501
859,Sweden,2012,2,SE,60.128161,18.643501
860,Sweden,2013,2,SE,60.128161,18.643501
861,Sweden,2014,4,SE,60.128161,18.643501
862,Sweden,2015,3,SE,60.128161,18.643501
863,Sweden,2016,7,SE,60.128161,18.643501
864,Sweden,2017,8,SE,60.128161,18.643501
865,Sweden,2018,3,SE,60.128161,18.643501
866,Sweden,2019,5,SE,60.128161,18.643501
867,Sweden,2020,3,SE,60.128161,18.643501
868,Sweden,2021,3,SE,60.128161,18.643501
869,Switzerland,2009,1,CH,46.818188,8.227512
870,Switzerland,2010,1,CH,46.818188,8.227512
871,Switzerland,2013,3,CH,46.818188,8.227512
872,Switzerland,2014,2,CH,46.818188,8.227512
873,Switzerland,2015,2,CH,46.818188,8.227512
874,Switzerland,2016,2,CH,46.818188,8.227512
875,Switzerland,2017,3,CH,46.818188,8.227512
876,Switzerland,2018,5,CH,46.818188,8.227512
877,Syria,2017,1,SY,34.802075,38.996815
878,Syria,2018,1,SY,34.802075,38.996815
879,Syria,2019,1,SY,34.802075,38.996815
880,Taiwan,2000,1,TW,23.69781,120.960515
881,Taiwan,2002,2,TW,23.69781,120.960515
882,Taiwan,2003,1,TW,23.69781,120.960515
883,Taiwan,2004,2,TW,23.69781,120.960515
884,Taiwan,2005,2,TW,23.69781,120.960515
885,Taiwan,2007,1,TW,23.69781,120.960515
886,Taiwan,2008,1,TW,23.69781,120.960515
887,Taiwan,2009,6,TW,23.69781,120.960515
888,Taiwan,2010,1,TW,23.69781,120.960515
889,Taiwan,2011,4,TW,23.69781,120.960515
890,Taiwan,2012,5,TW,23.69781,120.960515
891,Taiwan,2013,6,TW,23.69781,120.960515
892,Taiwan,2014,3,TW,23.69781,120.960515
893,Taiwan,2015,8,TW,23.69781,120.960515
894,Taiwan,2016,8,TW,23.69781,120.960515
895,Taiwan,2017,7,TW,23.69781,120.960515
896,Taiwan,2018,9,TW,23.69781,120.960515
897,Taiwan,2019,8,TW,23.69781,120.960515
898,Taiwan,2020,13,TW,23.69781,120.960515
899,Taiwan,2021,1,TW,23.69781,120.960515
900,Thailand,1999,1,TH,15.870032,100.992541
901,Thailand,2002,1,TH,15.870032,100.992541
902,Thailand,2004,1,TH,15.870032,100.992541
903,Thailand,2005,1,TH,15.870032,100.992541
904,Thailand,2006,1,TH,15.870032,100.992541
905,Thailand,2007,2,TH,15.870032,100.992541
906,Thailand,2008,1,TH,15.870032,100.992541
907,Thailand,2009,2,TH,15.870032,100.992541
908,Thailand,2010,4,TH,15.870032,100.992541
909,Thailand,2011,4,TH,15.870032,100.992541
910,Thailand,2012,4,TH,15.870032,100.992541
911,Thailand,2013,1,TH,15.870032,100.992541
912,Thailand,2014,3,TH,15.870032,100.992541
913,Thailand,2015,5,TH,15.870032,100.992541
914,Thailand,2016,5,TH,15.870032,100.992541
915,Thailand,2017,6,TH,15.870032,100.992541
916,Thailand,2018,6,TH,15.870032,100.992541
917,Thailand,2019,12,TH,15.870032,100.992541
918,Thailand,2020,6,TH,15.870032,100.992541
919,Thailand,2021,4,TH,15.870032,100.992541
920,Turkey,1999,1,TR,38.963745,35.243322
921,Turkey,2001,1,TR,38.963745,35.243322
922,Turkey,2004,2,TR,38.963745,35.243322
923,Turkey,2005,3,TR,38.963745,35.243322
924,Turkey,2006,2,TR,38.963745,35.243322
925,Turkey,2009,2,TR,38.963745,35.243322
926,Turkey,2010,6,TR,38.963745,35.243322
927,Turkey,2011,3,TR,38.963745,35.243322
928,Turkey,2012,3,TR,38.963745,35.243322
929,Turkey,2013,10,TR,38.963745,35.243322
930,Turkey,2014,15,TR,38.963745,35.243322
931,Turkey,2015,13,TR,38.963745,35.243322
932,Turkey,2016,13,TR,38.963745,35.243322
933,Turkey,2017,10,TR,38.963745,35.243322
934,Turkey,2018,10,TR,38.963745,35.243322
935,Turkey,2019,8,TR,38.963745,35.243322
936,Turkey,2020,6,TR,38.963745,35.243322
937,Turkey,2021,5,TR,38.963745,35.243322
938,Uganda,2018,1,UG,1.373333,32.290275
939,Ukraine,2015,2,UA,48.379433,31.16558
940,Ukraine,2017,1,UA,48.379433,31.16558
941,United Arab Emirates,2002,1,AE,23.424076,53.847818
942,United Arab Emirates,2006,1,AE,23.424076,53.847818
943,United Arab Emirates,2009,2,AE,23.424076,53.847818
944,United Arab Emirates,2012,3,AE,23.424076,53.847818
945,United Arab Emirates,2014,5,AE,23.424076,53.847818
946,United Arab Emirates,2015,4,AE,23.424076,53.847818
947,United Arab Emirates,2016,5,AE,23.424076,53.847818
948,United Arab Emirates,2017,3,AE,23.424076,53.847818
949,United Arab Emirates,2018,6,AE,23.424076,53.847818
950,United Arab Emirates,2019,5,AE,23.424076,53.847818
951,United Arab Emirates,2021,2,AE,23.424076,53.847818
952,United Kingdom,1944,1,GB,55.378051,-3.435973
953,United Kingdom,1961,1,GB,55.378051,-3.435973
954,United Kingdom,1962,1,GB,55.378051,-3.435973
955,United Kingdom,1965,1,GB,55.378051,-3.435973
956,United Kingdom,1968,1,GB,55.378051,-3.435973
957,United Kingdom,1971,1,GB,55.378051,-3.435973
958,United Kingdom,1972,1,GB,55.378051,-3.435973
959,United Kingdom,1974,1,GB,55.378051,-3.435973
960,United Kingdom,1975,1,GB,55.378051,-3.435973
961,United Kingdom,1977,2,GB,55.378051,-3.435973
962,United Kingdom,1979,1,GB,55.378051,-3.435973
963,United Kingdom,1982,2,GB,55.378051,-3.435973
964,United Kingdom,1986,2,GB,55.378051,-3.435973
965,United Kingdom,1989,2,GB,55.378051,-3.435973
966,United Kingdom,1990,1,GB,55.378051,-3.435973
967,United Kingdom,1991,2,GB,55.378051,-3.435973
968,United Kingdom,1992,6,GB,55.378051,-3.435973
969,United Kingdom,1993,4,GB,55.378051,-3.435973
970,United Kingdom,1994,3,GB,55.378051,-3.435973
971,United Kingdom,1995,1,GB,55.378051,-3.435973
972,United Kingdom,1996,1,GB,55.378051,-3.435973
973,United Kingdom,1997,3,GB,55.378051,-3.435973
974,United Kingdom,1998,3,GB,55.378051,-3.435973
975,United Kingdom,1999,3,GB,55.378051,-3.435973
976,United Kingdom,2000,4,GB,55.378051,-3.435973
977,United Kingdom,2001,5,GB,55.378051,-3.435973
978,United Kingdom,2002,5,GB,55.378051,-3.435973
979,United Kingdom,2003,6,GB,55.378051,-3.435973
980,United Kingdom,2004,4,GB,55.378051,-3.435973
981,United Kingdom,2005,11,GB,55.378051,-3.435973
982,United Kingdom,2006,9,GB,55.378051,-3.435973
983,United Kingdom,2007,10,GB,55.378051,-3.435973
984,United Kingdom,2008,14,GB,55.378051,-3.435973
985,United Kingdom,2009,19,GB,55.378051,-3.435973
986,United Kingdom,2010,18,GB,55.378051,-3.435973
987,United Kingdom,2011,22,GB,55.378051,-3.435973
988,United Kingdom,2012,22,GB,55.378051,-3.435973
989,United Kingdom,2013,29,GB,55.378051,-3.435973
990,United Kingdom,2014,46,GB,55.378051,-3.435973
991,United Kingdom,2015,66,GB,55.378051,-3.435973
992,United Kingdom,2016,102,GB,55.378051,-3.435973
993,United Kingdom,2017,101,GB,55.378051,-3.435973
994,United Kingdom,2018,96,GB,55.378051,-3.435973
995,United Kingdom,2019,68,GB,55.378051,-3.435973
996,United Kingdom,2020,68,GB,55.378051,-3.435973
997,United Kingdom,2021,36,GB,55.378051,-3.435973
998,United States,1942,2,US,37.09024,-95.712891
999,United States,1943,3,US,37.09024,-95.712891
1000,United States,1944,3,US,37.09024,-95.712891
1001,United States,1945,4,US,37.09024,-95.712891
1002,United States,1946,2,US,37.09024,-95.712891
1003,United States,1947,1,US,37.09024,-95.712891
1004,United States,1954,1,US,37.09024,-95.712891
1005,United States,1955,1,US,37.09024,-95.712891
1006,United States,1956,1,US,37.09024,-95.712891
1007,United States,1958,2,US,37.09024,-95.712891
1008,United States,1960,2,US,37.09024,-95.712891
1009,United States,1961,1,US,37.09024,-95.712891
1010,United States,1962,2,US,37.09024,-95.712891
1011,United States,1963,1,US,37.09024,-95.712891
1012,United States,1964,1,US,37.09024,-95.712891
1013,United States,1965,2,US,37.09024,-95.712891
1014,United States,1967,4,US,37.09024,-95.712891
1015,United States,1968,3,US,37.09024,-95.712891
1016,United States,1969,1,US,37.09024,-95.712891
1017,United States,1971,3,US,37.09024,-95.712891
1018,United States,1972,2,US,37.09024,-95.712891
1019,United States,1973,5,US,37.09024,-95.712891
1020,United States,1974,3,US,37.09024,-95.712891
1021,United States,1975,1,US,37.09024,-95.712891
1022,United States,1976,5,US,37.09024,-95.712891
1023,United States,1977,3,US,37.09024,-95.712891
1024,United States,1978,3,US,37.09024,-95.712891
1025,United States,1979,3,US,37.09024,-95.712891
1026,United States,1980,5,US,37.09024,-95.712891
1027,United States,1981,5,US,37.09024,-95.712891
1028,United States,1982,3,US,37.09024,-95.712891
1029,United States,1983,2,US,37.09024,-95.712891
1030,United States,1984,6,US,37.09024,-95.712891
1031,United States,1985,2,US,37.09024,-95.712891
1032,United States,1986,9,US,37.09024,-95.712891
1033,United States,1987,7,US,37.09024,-95.712891
1034,United States,1988,14,US,37.09024,-95.712891
1035,United States,1989,10,US,37.09024,-95.712891
1036,United States,1990,14,US,37.09024,-95.712891
1037,United States,1991,11,US,37.09024,-95.712891
1038,United States,1992,13,US,37.09024,-95.712891
1039,United States,1993,19,US,37.09024,-95.712891
1040,United States,1994,11,US,37.09024,-95.712891
1041,United States,1995,16,US,37.09024,-95.712891
1042,United States,1996,17,US,37.09024,-95.712891
1043,United States,1997,30,US,37.09024,-95.712891
1044,United States,1998,21,US,37.09024,-95.712891
1045,United States,1999,23,US,37.09024,-95.712891
1046,United States,2000,26,US,37.09024,-95.712891
1047,United States,2001,29,US,37.09024,-95.712891
1048,United States,2002,29,US,37.09024,-95.712891
1049,United States,2003,37,US,37.09024,-95.712891
1050,United States,2004,26,US,37.09024,-95.712891
1051,United States,2005,43,US,37.09024,-95.712891
1052,United States,2006,48,US,37.09024,-95.712891
1053,United States,2007,47,US,37.09024,-95.712891
1054,United States,2008,67,US,37.09024,-95.712891
1055,United States,2009,72,US,37.09024,-95.712891
1056,United States,2010,85,US,37.09024,-95.712891
1057,United States,2011,85,US,37.09024,-95.712891
1058,United States,2012,101,US,37.09024,-95.712891
1059,United States,2013,112,US,37.09024,-95.712891
1060,United States,2014,138,US,37.09024,-95.712891
1061,United States,2015,210,US,37.09024,-95.712891
1062,United States,2016,348,US,37.09024,-95.712891
1063,United States,2017,442,US,37.09024,-95.712891
1064,United States,2018,457,US,37.09024,-95.712891
1065,United States,2019,428,US,37.09024,-95.712891
1066,United States,2020,384,US,37.09024,-95.712891
1067,United States,2021,173,US,37.09024,-95.712891
1068,Uruguay,2004,1,UY,-32.522779,-55.765835
1069,Uruguay,2015,2,UY,-32.522779,-55.765835
1070,Uruguay,2017,3,UY,-32.522779,-55.765835
1071,Uruguay,2018,3,UY,-32.522779,-55.765835
1072,Uruguay,2019,3,UY,-32.522779,-55.765835
1073,Uruguay,2020,1,UY,-32.522779,-55.765835
1074,Uruguay,2021,1,UY,-32.522779,-55.765835
1075,Vatican City,2018,1,VA,41.902916,12.453389
1076,Venezuela,2007,1,VE,6.42375,-66.58973
1077,Venezuela,2014,1,VE,6.42375,-66.58973
1078,Venezuela,2016,1,VE,6.42375,-66.58973
1079,Venezuela,2017,1,VE,6.42375,-66.58973
1080,Vietnam,2014,1,VN,14.058324,108.277199
1081,Vietnam,2015,1,VN,14.058324,108.277199
1082,Vietnam,2016,1,VN,14.058324,108.277199
1083,Vietnam,2019,2,VN,14.058324,108.277199
1084,Vietnam,2020,1,VN,14.058324,108.277199
1085,Vietnam,2021,1,VN,14.058324,108.277199
1086,Zimbabwe,2014,1,ZW,-19.015438,29.154857
1087,Zimbabwe,2017,2,ZW,-19.015438,29.154857
